d21ikfhmqp2asd.cloudfront.net/,https://urlscan.io/result/99b839fa-19de-4f8d-b98f-f4c92f6232c4/
www.nationwide.dpostbank.com/,https://urlscan.io/result/7af0efdd-e13b-4a43-9015-1426789cf44c/
ellebrooker.wordpress.com/,https://urlscan.io/result/c47577dc-24ba-4e28-ad9f-7217de827240/
themilitarywallet.com/chase-for-business-military-banking/,https://urlscan.io/result/b72d1379-ad0d-4bc7-9d1f-1e6c3b1607e4/
stsandrychow.pl/gazetka/banking-with-us/,https://urlscan.io/result/32fb2684-8d5e-47d0-aaad-b0116ec0bd84/
mbfkk.spb.ru/sites/default/files/Banking/sinbc/login.php,https://urlscan.io/result/ab3dd803-acaf-4c1b-80c4-070a4c7813b0/
assentpro.com/,https://urlscan.io/result/6b016c15-255c-419b-9533-ae6ff1d89a4b/
themilitarywallet.com/,https://urlscan.io/result/7e7c270d-ef22-4977-9155-07e21c6c3e57/
adlumin.com/finance-vlp/,https://urlscan.io/result/fef6a857-eb1f-40d9-825c-3371e51958ab/
www.law360.com/banking/articles/1222234/fca-applies-to-fed-banks-in-wells-fargo...,https://urlscan.io/result/fbbbbcb7-d062-48d0-ab98-a2fc60922f92/
stsandrychow.pl/gazetka/banking-with-us/Login.php?sslchannel=true&sessionid=xuG...,https://urlscan.io/result/0ebbbebe-6e9b-45f7-8cf9-504841db2e86/
www.bankinfosecurity.com/chinese-apt-group-targets-mobile-networks-fireeye-mand...,https://urlscan.io/result/bdfd5ed2-5d21-4a5d-85d8-066b991fd380/
www.firstcnb.com/,https://urlscan.io/result/44d74c35-f668-4aea-9b1c-d5a3144f60f8/
www6.usbabk.com/?s_token=1574435150.0029194756&uuid=1574435150.0029194756&kw=On...,https://urlscan.io/result/81a75029-669a-41aa-b917-1c3dc03acddd/
www.53.com/content/fifth-third/en/personal-banking/bank/identity-theft-protecti...,https://urlscan.io/result/db8f7058-c8ea-4f9e-bd60-17074878f3c5/
www.inforisktoday.com/microsoft-warns-users-beware-damaging-bluekeep-attacks-a-...,https://urlscan.io/result/c6cc82a3-510e-428d-80bd-ea21b40f96f5/
cannatraveller.co.za/pay.html,https://urlscan.io/result/58d27aa4-ceec-40ab-9d53-5de716da9eeb/
www.becu.org/,https://urlscan.io/result/332456e6-687b-4463-bbf9-319644e1703a/
www.bankofamerica.com/online-banking/mobile-and-online-banking-features/overvie...,https://urlscan.io/result/c035bce7-687a-4f19-b235-98c1e2c1b8cd/
fraudinsider.com/,https://urlscan.io/result/40a04899-d1a4-42be-b19b-dbe0786d2bc4/
www.lloydsbankinggroup.com/,https://urlscan.io/result/5f5714f9-687b-4abd-8336-ccc46b94acf9/
www.bankinfosecurity.co.uk/favicon.ico,https://urlscan.io/result/94b04886-dc89-428b-a14a-072b0fab64a5/
www.chase.com/,https://urlscan.io/result/3d3de0c6-b2f8-4b77-be9c-39c352b163c2/
www.bankinfosecurity.co.uk/microsoft-warns-users-beware-damaging-bluekeep-attac...,https://urlscan.io/result/453be483-72e0-4673-be97-27fd8f772e13/
www.chaseonline.store/,https://urlscan.io/result/ad4a987b-17a1-4c4a-970b-bab88aa97d5c/
www.commerzbank.de/,https://urlscan.io/result/6234f0a4-d570-47fb-9701-348bfa969906/
www.fincode-eu.com/speakers/,https://urlscan.io/result/1b473fad-1ffa-4bef-96c4-309bd050e95f/
www6.shellnotfcu.com/?&kw=Online+Banking&term=Credit%20Union%20Customer%20Accou...,https://urlscan.io/result/26790f80-aaeb-4a77-af49-5e733e4a6ec5/
www.wellsfargo.com/,https://urlscan.io/result/fb3d7380-608e-456a-9825-781911f8bacb/
bankofamerica.com.sgmcoltd.com.vn/signin/,https://urlscan.io/result/93bb987c-c8c7-4d39-86fa-0a9479473f28/
www.ing.be/en/retail,https://urlscan.io/result/34ac7dcd-b7c0-4b92-a208-c6dbff34110e/
154.202.14.250/signin/,https://urlscan.io/result/7f8a05a1-e557-4172-9f29-17bc7e42612c/
bankofamerica.com.trolypro.vn/signin/,https://urlscan.io/result/10750953-2b68-42ec-8e52-709ddb0d7bc4/
bankofamerica.com.vietlink.vn/login/,https://urlscan.io/result/ec05427a-c181-4277-9979-519886a77d8d/
bankofamerica.com.ctcdn.vn/signin/,https://urlscan.io/result/e6c68838-8620-43ff-91c1-c2be58b56dca/
bankofamerica.com.cevimetal.vn/signin/,https://urlscan.io/result/4ca9e62e-9cfb-424c-93bf-1af15fcb6c3d/
www.wipro.com/,https://urlscan.io/result/322cf8ea-8d31-4de2-b44d-806e78b0028c/
www.hugedomains.com/domain_profile.cfm?d=bankingstyle&e=com,https://urlscan.io/result/52570a62-c2ff-4607-98fc-2cc8dc93a97c/
www6.fishernationalbank.com/?&kw=Online+Banking&term=Bank%20Account%20Managemen...,https://urlscan.io/result/5b1f8629-efe8-4441-93ed-ba8a2b9899ae/
www6.firstnationalbanking.com/?&kw=Online+Banking&term=Bank%20Account%20Managem...,https://urlscan.io/result/94715100-8bb4-4fba-9689-0b9eb643404f/
www.cnet.com/how-to/capital-one-data-breach-what-you-can-do-now-following-bank-...,https://urlscan.io/result/7f9f488a-3052-4398-9609-4dc9843425dd/
www.firstcapitalone.com/,https://urlscan.io/result/a6a1f1cb-a1db-4a3c-a3c7-d40bee196dc2/
ipccoindia.com/W/WestPax/,https://urlscan.io/result/bb45f3bf-9d79-4685-a01b-018106ba9c98/
www6.capatilone.com/?&kw=Online+Banking&term=Privileged%20Account%20Management%...,https://urlscan.io/result/4ad39582-1051-4904-8a92-fdfb8ead93c2/
money.usnews.com/banking/money-market-accounts,https://urlscan.io/result/21a1c00e-d5aa-40db-be10-7fe2c82c53ed/
www6.abaofamerica.com/?&kw=Online+Banking&term=Bank%20Account%20Management%20So...,https://urlscan.io/result/bfa40648-0b69-4c5a-91ee-1555e8eb42d8/
www.cibc.com/en/personal-banking.html,https://urlscan.io/result/c31e2cca-212b-4f46-baa8-16325360c3c4/
standardoffshorebank.com/,https://urlscan.io/result/55680254-4927-4f4f-b2d7-27a870963ae6/
www.chasee.monster/,https://urlscan.io/result/f4680654-4fdc-43da-9806-669eb2d20d1f/
www.chasee.best/,https://urlscan.io/result/7dc94b7c-8218-4fd1-9220-5342f62a97e3/
intercom.com.eg/,https://urlscan.io/result/7dc4fe0a-4cca-45f8-8a64-5109f71b2b96/
www.vidyo.com/,https://urlscan.io/result/1f3846f1-fb4f-4ea5-b0fe-8634cf4929fd/
www.chasee.club/,https://urlscan.io/result/84e08468-834b-4cb1-b07b-6916897a5134/
online.wellsfargo.com.secureppe.hobblecreekkettlecorn.com/online.htm,https://urlscan.io/result/aa03ce89-9446-459b-b5ba-e5188bb5487a/
associated-press.org/newsfeed/de/?lpkey=15ad744a49bf165899&uclick=lp1515m7,https://urlscan.io/result/d54fd8b8-a453-4d6f-8c65-552b3203661a/
perfectsoccerplayer.com/cn-become-pro-player,https://urlscan.io/result/6cad5d7e-9969-47b3-b4ca-ac0b5d4d4768/
www.ibm.com/de-de,https://urlscan.io/result/86f9a158-55f6-45dc-a38c-17823b0a72b0/
ib.nab.com.au/nabib/index.jsp,https://urlscan.io/result/6872fe31-17af-48d9-b1e2-62fb76eed601/
www.chases.best/,https://urlscan.io/result/240c534e-bbdb-4741-ad67-5b9e397443da/
abc7news.org/,https://urlscan.io/result/cd9d4b0b-904a-4e89-95c4-b4887d5e3b25/
www.chases.monster/,https://urlscan.io/result/9cffe7b3-2f48-4509-b8a8-43f248a30a91/
bhattandjoshiassociates.com/,https://urlscan.io/result/5dd791dd-6314-49d0-b79b-0af65c7054d6/
www6.usbabk.com/?&kw=Online+Banking&term=Bank%20Account%20Management%20Software...,https://urlscan.io/result/c5dd5059-23be-4b32-97ce-a414e0fed652/
